Full Name,Country,Created At,Id,Email
Greyson Murray,Marshall Islands,Fri Jul 30 2010 15:26:17 GMT+0200 (CEST),0,Asia@kian.tv
Jaron Doyle,Guinea-Bissau,Tue Jul 03 2018 11:06:28 GMT+0200 (CEST),1,Eleanora_Cremin@javon.biz
Ramona Gibson,Denmark,Fri Nov 24 1995 10:32:12 GMT+0100 (CET),2,Alba_Renner@doug.name
Xzavier Ernser MD,Côte d’Ivoire,Thu Nov 02 2000 09:04:24 GMT+0100 (CET),3,Cathryn.Robel@coy.me
Annamae Jaskolski,Bhutan,Wed May 07 2003 20:24:05 GMT+0200 (CEST),4,Lonnie.Paucek@urban.io
Florence Raynor,Seychelles,Wed Aug 06 2008 14:41:57 GMT+0200 (CEST),5,Merl.Reinger@mireille.us
Johnnie Ortiz,Congo - Kinshasa,Wed Aug 16 2017 23:21:02 GMT+0200 (CEST),6,Louie@clair.us
Valentine DuBuque,Pacific Islands Trust Territory,Thu Jan 11 2001 06:23:18 GMT+0100 (CET),7,Clarissa.Steuber@elisa.ca
Maximo Kuhlman,Djibouti,Fri Mar 18 2016 13:24:10 GMT+0100 (CET),8,Sid@raegan.info
Drew Barrows,Poland,Thu Mar 20 1986 21:17:22 GMT+0100 (CET),9,Stacey@barton.org
